Id,Name,Group
1196447025,GPU1,GPU
1196447026,GPU2,GPU
1448235845,VerseSampling,Verse
65536,GPU0-Graphics0,GPU
65538,GPU0-Copy0,GPU
65537,GPU0-Compute0,GPU
2,GameThread,
45,RHIThread,Render
46,RenderThread 0,Render
47,RTHeartBeat 0,Render
4,BackgroundThreadPool #0,BackgroundThreadPool
5,BackgroundThreadPool #1,BackgroundThreadPool
26,IOThreadPool #0,IOThreadPool
27,IOThreadPool #1,IOThreadPool
28,IOThreadPool #2,IOThreadPool
29,IOThreadPool #3,IOThreadPool
34,DDC IO ThreadPool #0,DDC IO ThreadPool
35,DDC IO ThreadPool #1,DDC IO ThreadPool
36,DDC IO ThreadPool #2,DDC IO ThreadPool
37,DDC IO ThreadPool #3,DDC IO ThreadPool
6,Foreground Worker #0,Foreground Workers
7,Foreground Worker #1,Foreground Workers
61,Foreground Worker (Standby #0),Foreground Workers
8,Background Worker #0,Background Workers
9,Background Worker #1,Background Workers
10,Background Worker #2,Background Workers
11,Background Worker #3,Background Workers
12,Background Worker #4,Background Workers
13,Background Worker #6,Background Workers
14,Background Worker #5,Background Workers
15,Background Worker #7,Background Workers
16,Background Worker #8,Background Workers
17,Background Worker #9,Background Workers
62,Background Worker (Standby #0),Background Workers
63,Background Worker (Standby #1),Background Workers
58,AudioMixerNullCallbackThread,
30,WindowsRawInputThread,
31,RHIInterruptThread,
32,RHISubmissionThread,
59,AudioMixerRenderThread(1),
33,FMonitoredProcess 0,
41,FMonitoredProcess 1,
42,IoDispatcher,
49,FUdpMessageProcessor.Sender,
50,FUdpMessageBeacon,
51,UdpMessageMulticastReceiver,
52,UdpMessageUnicastReceiver,
56,FUdpMessageProcessor,
21,FMediaTicker,
22,HttpManagerThread,
24,OnlineAsyncTaskThreadNull DefaultInstance(1),
25,OutputDeviceRedirector,
39,ShaderCompilingThread,
40,HttpConnectionPool,
44,FMessageBus.DefaultBus.Router,
48,FTcpMessageTransport,
53,AsyncTaskThread_1,
54,AsyncTaskThread_2,
55,AsyncTaskThread_3,
57,ScreenSaverInhibitor,
18,Background Worker #10,
19,Background Worker #11,
20,FAsyncWriter_SpaceShooter_2,
23,LibwebsocketsThread,
38,FileSystemCacheStoreMaintainer,
43,UnnamedThread,
60,UnnamedThread,
3,Trace,
